,A_持有0050,B_動能Top5,C_動能+濾網,D_0050均線,C_週一開盤成交,C_最差成交
2020,0.24109383622837832,0.9222221214645465,0.9222221214645465,0.24109383622837832,0.8441146286077361,0.6047167254781043
2021,0.21921555704250717,0.6703656315240865,0.6022399204468838,0.035695815424327204,0.5628489799076708,0.0617410492318633
2022,-0.21219323703269322,-0.34712615886249565,-0.20803776000057228,-0.2030527779089395,-0.20195072212074772,-0.30906237577002704
2023,0.27513001418051175,1.1029961548091927,0.8182999036316467,0.11944271031930587,0.7898692544139074,0.3705443280101448
2024,0.4864093623718877,0.10526904783315927,0.10436082230723254,0.4120350911169772,0.04240947058029221,-0.2972429473493067
2025,0.36857330000531663,0.2033523948439473,0.3740621266917863,0.4035295733631421,0.4141286822923005,0.2187918155424038
2026,0.6386405846511598,1.3952540031758502,1.3946792993509107,0.63860124797681,1.3480643984436176,0.9637667412683735
